neighborhood_id,neighborhood_name,neighborhood_cleansed,neighborhood_group_cleansed,city_id
1,"Queen Anne","West Queen Anne","Queen Anne",72
2,NULL,"West Queen Anne","Queen Anne",72
3,NULL,Adams,Ballard,72
4,Ballard,Adams,Ballard,72
5,Ballard,"West Woodland",Ballard,72
6,"Phinney Ridge","West Woodland",Ballard,72
7,NULL,"West Woodland",Ballard,72
8,Fremont,"West Woodland",Ballard,72
9,Ballard,"West Woodland",Ballard,7
10,NULL,"East Queen Anne","Queen Anne",72
11,"Lower Queen Anne","East Queen Anne","Queen Anne",72
12,"Queen Anne","East Queen Anne","Queen Anne",72
13,Westlake,"East Queen Anne","Queen Anne",72
14,Wallingford,Wallingford,"Other neighborhoods",72
15,Fremont,Wallingford,"Other neighborhoods",72
16,NULL,Wallingford,"Other neighborhoods",72
17,"Green Lake",Wallingford,"Other neighborhoods",72
18,"Queen Anne","North Queen Anne","Queen Anne",72
19,NULL,"North Queen Anne","Queen Anne",72
20,"Green Lake","Green Lake","Other neighborhoods",72
21,NULL,"Green Lake","Other neighborhoods",72
22,Westlake,Westlake,Cascade,72
23,NULL,Westlake,Cascade,72
24,"Queen Anne",Westlake,Cascade,72
25,NULL,Mann,"Central Area",72
26,Minor,Mann,"Central Area",72
27,Madrona,Mann,"Central Area",72
28,Minor,Madrona,"Central Area",72
29,Harrison/Denny-Blaine,Madrona,"Central Area",72
30,Madrona,Madrona,"Central Area",72
31,NULL,Madrona,"Central Area",72
32,Leschi,Madrona,"Central Area",72
33,"University District","University District","University District",72
34,NULL,"University District","University District",72
35,Roosevelt,"University District","University District",72
36,Harrison/Denny-Blaine,Harrison/Denny-Blaine,"Central Area",72
37,Minor,Harrison/Denny-Blaine,"Central Area",72
38,"Madison Park",Harrison/Denny-Blaine,"Central Area",72
39,NULL,Minor,"Central Area",72
40,Minor,Minor,"Central Area",72
41,"Capitol Hill",Minor,"Central Area",72
42,Leschi,Leschi,"Central Area",72
43,NULL,Leschi,"Central Area",72
44,Madrona,Leschi,"Central Area",72
45,Atlantic,Leschi,"Central Area",72
46,Atlantic,Atlantic,"Central Area",72
47,NULL,Atlantic,"Central Area",72
48,"North Beacon Hill",Atlantic,"Central Area",72
49,Minor,Atlantic,"Central Area",72
50,Leschi,Atlantic,"Central Area",72
51,"Central Business District",Pike-Market,Downtown,72
52,"Pike Place Market",Pike-Market,Downtown,72
53,NULL,Pike-Market,Downtown,72
54,"Pike Market",Pike-Market,Downtown,72
55,Eastlake,Eastlake,Cascade,72
56,"Portage Bay",Eastlake,Cascade,72
57,NULL,Eastlake,Cascade,72
58,"Capitol Hill",Eastlake,Cascade,72
59,"South Lake Union","South Lake Union",Cascade,72
60,NULL,"South Lake Union",Cascade,72
61,Eastlake,"South Lake Union",Cascade,72
62,Westlake,"South Lake Union",Cascade,72
63,Magnolia,"Lawton Park",Magnolia,72
64,NULL,"Lawton Park",Magnolia,72
65,Magnolia,Briarcliff,Magnolia,72
66,Belltown,Belltown,Downtown,72
67,NULL,Belltown,Downtown,72
68,"South Lake Union",Belltown,Downtown,72
69,"Lower Queen Anne",Belltown,Downtown,72
70,"Central Business District",Belltown,Downtown,72
71,"Pike Place Market",Belltown,Downtown,72
72,"International District","International District",Downtown,72
73,NULL,"International District",Downtown,72
74,"Yesler Terrace","International District",Downtown,72
75,"Central Business District","Central Business District",Downtown,72
76,"Pike Place Market","Central Business District",Downtown,72
77,NULL,"Central Business District",Downtown,72
78,"First Hill","Central Business District",Downtown,72
79,"Pike Market","Central Business District",Downtown,72
80,"First Hill","First Hill",Downtown,72
81,NULL,"First Hill",Downtown,72
82,"Capitol Hill","First Hill",Downtown,72
83,"First Hill","Yesler Terrace",Downtown,72
84,NULL,"Yesler Terrace",Downtown,72
85,"Yesler Terrace","Yesler Terrace",Downtown,72
86,"International District","Pioneer Square",Downtown,72
87,NULL,"Pioneer Square",Downtown,72
88,"Pioneer Square","Pioneer Square",Downtown,72
89,"Central Business District","Pioneer Square",Downtown,72
90,"First Hill","Pioneer Square",Downtown,72
91,Gatewood,Gatewood,"West Seattle",72
92,"The Junction",Gatewood,"West Seattle",72
93,NULL,Gatewood,"West Seattle",72
94,"Arbor Heights","Arbor Heights","West Seattle",72
95,NULL,"Arbor Heights","West Seattle",72
96,Alki,Alki,"West Seattle",72
97,NULL,Alki,"West Seattle",72
98,"North Admiral",Alki,"West Seattle",72
99,"North Admiral","North Admiral","West Seattle",72
100,NULL,"North Admiral","West Seattle",72
101,"North Admiral","North Admiral","West Seattle",86
102,"Crown Hill","Crown Hill","Other neighborhoods",72
103,NULL,"Crown Hill","Other neighborhoods",72
104,Ballard,"Crown Hill","Other neighborhoods",72
105,"The Junction","Fairmount Park","West Seattle",72
106,NULL,"Fairmount Park","West Seattle",72
107,Genesee,"Fairmount Park","West Seattle",72
108,"Fairmount Park","Fairmount Park","West Seattle",72
109,Genesee,Genesee,"West Seattle",72
110,"The Junction",Genesee,"West Seattle",72
111,NULL,Genesee,"West Seattle",72
112,NULL,Genesee,"West Seattle",72
113,"Queen Anne",Interbay,Interbay,72
114,NULL,Interbay,Interbay,72
115,Interbay,Interbay,Interbay,72
116,Magnolia,Interbay,Interbay,72
117,"International District","Industrial District","Other neighborhoods",72
118,NULL,"Industrial District","Other neighborhoods",72
119,"Industrial District","Industrial District","Other neighborhoods",72
120,"North Beacon Hill","Mid-Beacon Hill","Beacon Hill",72
121,"Holly Park","Mid-Beacon Hill","Beacon Hill",72
122,NULL,"Mid-Beacon Hill","Beacon Hill",72
123,NULL,"Mid-Beacon Hill","Beacon Hill",72
124,"North Beacon Hill","South Beacon Hill","Beacon Hill",72
125,"Holly Park","South Beacon Hill","Beacon Hill",72
126,"South Beacon Hill","South Beacon Hill","Beacon Hill",72
127,Greenwood,Greenwood,"Other neighborhoods",72
128,NULL,Greenwood,"Other neighborhoods",72
129,"Bitter Lake",Greenwood,"Other neighborhoods",72
130,Greenwood,Greenwood,"Other neighborhoods",55
131,Ballard,Greenwood,"Other neighborhoods",72
132,"Holly Park","Holly Park","Beacon Hill",72
133,NULL,"Holly Park","Beacon Hill",72
134,Fauntleroy,Fauntleroy,"West Seattle",72
135,"North Beacon Hill","North Beacon Hill","Beacon Hill",72
136,NULL,"North Beacon Hill","Beacon Hill",72
137,"International District","North Beacon Hill","Beacon Hill",72
138,"Mount Baker","Mount Baker","Rainier Valley",72
139,NULL,Brighton,"Rainier Valley",72
140,"Columbia City",Brighton,"Rainier Valley",72
141,"Seward Park",Brighton,"Rainier Valley",72
142,Brighton,Brighton,"Rainier Valley",72
143,"South Delridge","South Delridge",Delridge,72
144,NULL,"South Delridge",Delridge,72
145,"Highland Park","South Delridge",Delridge,72
146,"High Point","South Delridge",Delridge,72
147,"View Ridge","View Ridge","Other neighborhoods",72
148,Windermere,"View Ridge","Other neighborhoods",72
149,Dunlap,Dunlap,"Rainier Valley",72
150,"Rainier Beach",Dunlap,"Rainier Valley",72
151,"Seward Park",Dunlap,"Rainier Valley",72
152,NULL,Dunlap,"Rainier Valley",72
153,NULL,"Rainier Beach","Rainier Valley",72
154,"Rainier Beach","Rainier Beach","Rainier Valley",72
155,"Columbia City","Columbia City","Rainier Valley",72
156,"North Beacon Hill","Columbia City","Rainier Valley",72
157,NULL,"Columbia City","Rainier Valley",72
158,NULL,"Mount Baker","Rainier Valley",72
159,Leschi,"Mount Baker","Rainier Valley",72
160,"Columbia City","Mount Baker","Rainier Valley",72
161,Atlantic,"Mount Baker","Rainier Valley",72
162,"Seward Park","Seward Park","Seward Park",72
163,"Columbia City","Seward Park","Seward Park",72
164,"Mount Baker","Seward Park","Seward Park",72
165,NULL,"North Delridge",Delridge,72
166,"North Delridge","North Delridge",Delridge,72
167,"The Junction","North Delridge",Delridge,72
168,"Maple Leaf","Maple Leaf",Northgate,72
169,NULL,"Maple Leaf",Northgate,72
170,Bryant,Ravenna,"Other neighborhoods",72
171,Ravenna,Ravenna,"Other neighborhoods",72
172,NULL,Ravenna,"Other neighborhoods",72
173,"University District",Ravenna,"Other neighborhoods",72
174,Wedgewood,Ravenna,"Other neighborhoods",72
175,NULL,Riverview,Delridge,72
176,Riverview,Riverview,Delridge,72
177,"Portage Bay","Portage Bay","Capitol Hill",72
178,NULL,"Portage Bay","Capitol Hill",72
179,Eastlake,"Portage Bay","Capitol Hill",72
180,Bryant,Bryant,"Other neighborhoods",72
181,NULL,Bryant,"Other neighborhoods",72
182,Montlake,Montlake,"Capitol Hill",72
183,"Capitol Hill",Montlake,"Capitol Hill",72
184,"Capitol Hill",Broadway,"Capitol Hill",72
185,Broadway,Broadway,"Capitol Hill",72
186,NULL,Broadway,"Capitol Hill",72
187,NULL,Broadway,"Capitol Hill",72
188,"First Hill",Broadway,"Capitol Hill",72
189,Stevens,Broadway,"Capitol Hill",72
190,Ballard,"Loyal Heights",Ballard,72
191,NULL,"Loyal Heights",Ballard,72
192,NULL,"Victory Heights","Lake City",72
193,"Victory Heights","Victory Heights","Lake City",72
194,"Mathews Beach","Matthews Beach","Lake City",72
195,NULL,"Matthews Beach","Lake City",72
196,"Cedar Park","Matthews Beach","Lake City",72
197,Ballard,"Whittier Heights",Ballard,72
198,Greenwood,"Whittier Heights",Ballard,72
199,"Crown Hill","Whittier Heights",Ballard,72
200,NULL,"Whittier Heights",Ballard,72
201,Meadowbrook,Meadowbrook,"Lake City",72
202,"North Admiral","Industrial District","Other neighborhoods",86
203,NULL,"Olympic Hills","Lake City",72
204,"Olympic Hills","Olympic Hills","Lake City",72
205,Roosevelt,Roosevelt,"Other neighborhoods",72
206,NULL,Roosevelt,"Other neighborhoods",72
207,Ravenna,Roosevelt,"Other neighborhoods",72
208,"University District",Roosevelt,"Other neighborhoods",72
209,"Lower Queen Anne","Lower Queen Anne","Queen Anne",72
210,"Queen Anne","Lower Queen Anne","Queen Anne",72
211,NULL,"Lower Queen Anne","Queen Anne",72
212,Belltown,"Lower Queen Anne","Queen Anne",72
213,Interbay,"Lower Queen Anne","Queen Anne",72
214,Wedgewood,Wedgwood,"Other neighborhoods",72
215,NULL,Wedgwood,"Other neighborhoods",72
216,"Maple Leaf",Wedgwood,"Other neighborhoods",72
217,"North Beach/Blue Ridge","North Beach/Blue Ridge","Other neighborhoods",72
218,NULL,"North Beach/Blue Ridge","Other neighborhoods",72
219,"Crown Hill","North Beach/Blue Ridge","Other neighborhoods",72
220,"Cedar Park","Cedar Park","Lake City",72
221,NULL,"Cedar Park","Lake City",72
222,"Bitter Lake","Bitter Lake","Other neighborhoods",72
223,NULL,"Bitter Lake","Other neighborhoods",72
224,Greenwood,"Bitter Lake","Other neighborhoods",72
225,Broadview,"Bitter Lake","Other neighborhoods",72
226,Ballard,"Sunset Hill",Ballard,72
227,NULL,"Sunset Hill",Ballard,72
228,"Haller Lake","Haller Lake",Northgate,72
229,NULL,"Haller Lake",Northgate,72
230,Pinehurst,Pinehurst,Northgate,72
231,NULL,Pinehurst,Northgate,72
232,"Licton Springs","North College Park",Northgate,72
233,Greenwood,"North College Park",Northgate,72
234,NULL,"North College Park",Northgate,72
235,"Haller Lake","North College Park",Northgate,72
236,"North College Park","North College Park",Northgate,72
237,"Phinney Ridge","Phinney Ridge","Other neighborhoods",72
238,Greenwood,"Phinney Ridge","Other neighborhoods",72
239,NULL,"Phinney Ridge","Other neighborhoods",72
240,Ballard,"Phinney Ridge","Other neighborhoods",72
241,Fremont,"Phinney Ridge","Other neighborhoods",72
242,Wallingford,"Phinney Ridge","Other neighborhoods",72
243,Windermere,Windermere,"Other neighborhoods",72
244,Bryant,Windermere,"Other neighborhoods",72
245,Laurelhurst,Laurelhurst,"Other neighborhoods",72
246,NULL,Laurelhurst,"Other neighborhoods",72
247,Magnolia,"Southeast Magnolia",Magnolia,72
248,NULL,"Southeast Magnolia",Magnolia,72
249,"High Point","High Point",Delridge,72
250,"The Junction","High Point",Delridge,72
251,"North Delridge","High Point",Delridge,72
252,Riverview,"High Point",Delridge,72
253,Seaview,Seaview,"West Seattle",72
254,"The Junction",Seaview,"West Seattle",72
255,Alki,Seaview,"West Seattle",72
256,Georgetown,Georgetown,"Other neighborhoods",72
257,NULL,Georgetown,"Other neighborhoods",72
258,"South Park","South Park","Other neighborhoods",72
259,NULL,"South Park","Other neighborhoods",72
260,NULL,Roxhill,Delridge,72
261,Roxhill,Roxhill,Delridge,72
262,"Highland Park","Highland Park",Delridge,72
263,"Madison Park","Madison Park","Capitol Hill",72
264,NULL,"Madison Park","Capitol Hill",72
265,Harrison/Denny-Blaine,"Madison Park","Capitol Hill",72
266,Stevens,Stevens,"Capitol Hill",72
267,NULL,Stevens,"Capitol Hill",72
268,Minor,Stevens,"Capitol Hill",72
269,"Capitol Hill",Stevens,"Capitol Hill",72
270,Montlake,Stevens,"Capitol Hill",72
271,Broadview,Broadview,"Other neighborhoods",72
272,"Bitter Lake",Broadview,"Other neighborhoods",72
273,Fremont,Fremont,"Other neighborhoods",72
274,NULL,Fremont,"Other neighborhoods",72
275,Wallingford,Fremont,"Other neighborhoods",72
276,Ballard,Fremont,"Other neighborhoods",72
