city_id,city_name
1,Accra
2,Addison
3,Alamosa
4,Arlington
5,Ault
6,Austin
7,"Ballard, Seattle"
8,Beijing
9,Bellevue
10,Bellingham
11,Berkeley
12,Blaine
13,Bloomington
14,Boston
15,Bothell
16,Breckenridge
17,Burien
18,Calgary
19,Camano Island
20,Cambridge
21,CastleRock
22,Chelan
23,Ciudad Obregón
24,Dallas
25,Edmonds
26,GigHarbor
27,Gosnold
28,Grand Rapids
29,Green bank
30,Greenwood Village
31,Grosse Pointe Farms
32,Hilo
33,Houston
34,Issaquah
35,Kenilworth
36,Kenmore
37,Kent
38,Kirkland
39,Lafayette
40,Las Vegas
41,Lincoln
42,Long Beach
43,Los Angeles
44,Lowell
45,Lynnwood
46,Mercer Island
47,Minneapolis
48,Mount Vernon
49,New castle
50,New Orleans
51,New York
52,Oakland
53,Palm Springs
54,Palo Alto
55,Phinney Ridge Seattle
56,Phoenix
57,Portland
58,Port Orchard
59,Port Town send
60,Prescott Valley
61,Quilcene
62,Redmond
63,Renton
64,Rome
65,Salt Lake City
66,Sammamish
67,San Diego
68,San Francisco
69,San Jose
70,Santa Fe
71,Santa Monica
72,Seattle
73,Shoreline
74,Snohomish
75,Snoqualmie
76,Spokane
77,Surprise
78,Sydney
79,Tacoma
80,Toronto
81,Tucson
82,Vancouver
83,Vashon
84,West Hollywood
85,West NewYork
86,West Seattle
87,White Pine
88,Winston-Salem
89,Woodinville
90,Montezuma
91,West New York
92,Taipei
